date,ln_WTI,ln_GDP,ln_CPI,Interest,ln_FX
2006-01-01,4.181821108781366,26.12485386903324,4.506293701694955,6.27380728455047,3.6344756223205694
2006-02-01,4.121165844685163,26.140211762222428,4.508159910038464,6.254870707668746,3.627048366853135
2006-03-01,4.138125652557577,26.15533735369646,4.510022642134786,6.2359341307870215,3.619565534218704
2006-04-01,4.240516124971838,26.17023756640732,4.5118819109104855,6.216997553905298,3.6120262863893564
2006-05-01,4.260481559822783,26.184919018373076,4.513737729220155,6.198060977023573,3.60442976623861
2006-06-01,4.2619882166446,26.19938804032758,4.515590109846957,6.179124400141849,3.5967750969566414
2006-07-01,4.309604487681627,26.213650692111337,4.517439065503144,6.1601878232601255,3.589061381442945
2006-08-01,4.291048904069487,26.22771277790986,4.519284608830586,6.141251246378401,3.581287701675386
2006-09-01,4.155721841897004,26.241579860435365,4.5211267524012895,6.122314669496677,3.573453118054543
2006-10-01,4.075725325352273,26.25525727413853,4.522965508717911,6.103378092614952,3.5655566687221523
2006-11-01,4.078934772272304,26.2687501375289,4.524800890214263,6.084441515733229,3.55759736885244
2006-12-01,4.126472875973622,26.282063364675068,4.526632909255823,6.065504938851504,3.549574209915013
2007-01-01,3.998314281937807,26.295201675949354,4.528461578140231,6.04656836196978,3.541486158907951
2007-02-01,4.08225422388721,26.304174784613764,4.533008300694337,6.027845014544084,3.5385731149314195
2007-03-01,4.101681219377919,26.31306809213274,4.537534444094868,6.0091216671183885,3.5356515603318233
2007-04-01,4.158523643769001,26.321883005405095,4.542040193791488,5.990398319692693,3.532721445234882
2007-05-01,4.150323829964002,26.33062089444896,4.54652573273832,5.971674972266997,3.5297827193266116
2007-06-01,4.2119653272177215,26.33928309367966,4.550991241438525,5.952951624841301,3.526835331848145
2007-07-01,4.305653277960287,26.34787090313278,4.555436897987889,5.934228277415605,3.5238792315904677
2007-08-01,4.281599581625964,26.35638558963508,4.559862878117438,5.915504929989909,3.5209143668890817
2007-09-01,4.380960276842727,26.36482838792608,4.564269355235126,5.896781582564214,3.5179406856185853
2007-10-01,4.452003804189247,26.37320050173259,4.568656500466597,5.878058235138518,3.514958135187178
2007-11-01,4.551478026648428,26.381503104798696,4.573024482695061,5.859334887712822,3.511966662531076
2007-12-01,4.518380602582265,26.38973734187333,4.577373468600308,5.840611540287126,3.508966214108849
2008-01-01,4.532281982434602,26.397904329657496,4.5817036226968675,5.82188819286143,3.505956735895671
2008-02-01,4.55793181716122,26.395134276875996,4.580998610824126,5.734730638510524,3.5083864274817738
2008-03-01,4.65827483887487,26.39235652958295,4.580293101558956,5.647573084159618,3.510810229972469
2008-04-01,4.723668117560636,26.38957104491241,4.579587094199032,5.560415529808713,3.5132281718467646
2008-05-01,4.831489641157475,26.386777779639228,4.578880588040539,5.473257975457807,3.5156402813775856
2008-06-01,4.8969438763431254,26.383976690175015,4.57817358237817,5.386100421106901,3.5180465866337562
2008-07-01,4.893134036918406,26.381167732564077,4.577466076505123,5.298942866755995,3.5204471154819617
2008-08-01,4.759316784174366,26.378350862479255,4.576758069713091,5.211785312405089,3.522841895588682
2008-09-01,4.645489196890435,26.37552603521775,4.576049561292264,5.124627758054183,3.525230954422106
2008-10-01,4.338710590566975,26.372693205696848,4.575340550531322,5.037470203703277,3.527614319254024
2008-11-01,4.048465944857377,26.36985232844962,4.574631036717428,4.950312649352372,3.5299920171616908
2008-12-01,3.716538836653295,26.367003357620526,4.5739210191362325,4.863155095001466,3.532364075029678
2009-01-01,3.730740908208854,26.36414624696099,4.573210497071858,4.77599754065056,3.534730519551691
2009-02-01,3.6657993565116516,26.381563175170772,4.575913165258765,4.739167738837825,3.5283908649170597
2009-03-01,3.869931265728625,26.39868193967989,4.578608548714134,4.70233793702509,3.522010762500237
2009-04-01,3.9049312516143897,26.415512577545037,4.5812966866027365,4.665508135212355,3.5155896928616364
2009-05-01,4.078020378121674,26.432064627386023,4.5839776177743525,4.62867833339962,3.509127126490827
2009-06-01,4.243352168963392,26.448347161851995,4.586651380767134,4.591848531586885,3.502622523544506
2009-07-01,4.161259518762568,26.464368817486612,4.5893180138109315,4.55501872977415,3.496075333575888
2009-08-01,4.263310127754448,26.480137822238202,4.591977554830573,4.518188927961415,3.4894849952551796
2009-09-01,4.240003506792197,26.49566202083436,4.594630041449101,4.48135912614868,3.48285093608078
2009-10-01,4.326982294764495,26.510948898216817,4.597275510990966,4.444529324335945,3.4761725720808414
2009-11-01,4.356580613342406,26.52600560121192,4.599914000485178,4.40769952252321,3.469449307504792
2009-12-01,4.310396359722554,26.540838958593692,4.602545546668415,4.370869720710475,3.462680534504422
2010-01-01,4.360876916247199,26.55545549968051,4.605170185988092,4.33403991889774,3.4558656328041026
2010-02-01,4.335817347700194,26.562688527176416,4.608339151659363,4.395167226770618,3.4527205493953224
2010-03-01,4.396958081975203,26.569869613453015,4.6114981067021965,4.456294534643496,3.449565543220763
2010-04-01,4.434297130016445,26.57699949918656,4.614647114163783,4.517421842516375,3.4464005514693756
2010-05-01,4.300592855742539,26.58407890932246,4.617786236497575,4.578549150389253,3.443225510731829
2010-06-01,4.321956901491906,26.59110855351761,4.620915535570716,4.639676458262131,3.440040356992883
2010-07-01,4.334928787727534,26.598089126567277,4.624035072671357,4.70080376613501,3.436845025623647
2010-08-01,4.3385852086485865,26.605021308817218,4.627144908515862,4.761931074007888,3.433639451373711
2010-09-01,4.32070831992718,26.61190576656158,4.630245103255893,4.823058381880767,3.4304235683631497
2010-10-01,4.405411772682701,26.618743152427225,4.633335716485397,4.884185689753645,3.427197310074399
2010-11-01,4.433822481332312,26.625534105744975,4.636416807247473,4.945312997626523,3.423960609344002
2010-12-01,4.490274455324792,26.63227925290837,4.639488434041147,5.006440305499401,3.4207133983542173
2011-01-01,4.490550267398086,26.638979207720375,4.642550654828032,5.06756761337228,3.4174556086244934
2011-02-01,4.483888273236065,26.644970357025834,4.645059920239489,5.077546487803519,3.419070475220674
2011-03-01,4.633335024289212,26.65092582612067,4.647562904994588,5.08752536223476,3.420682738226617
2011-04-01,4.696221308872032,26.656846037476154,4.650059640455637,5.0975042366659995,3.4222924060241566
2011-05-01,4.61413464677832,26.662731406104285,4.652550157750616,5.10748311109724,3.423899486954717
2011-06-01,4.567095361508088,26.668582339732385,4.655034487775511,5.11746198552848,3.42550398931957
2011-07-01,4.577834959768032,26.67439923897258,4.657512661196612,5.127440859959719,3.4271059213800923
2011-08-01,4.45821241563113,26.680182497486413,4.659984708452779,5.13741973439096,3.4287052913580234
2011-09-01,4.44869458339894,26.6859325021447,4.662450659757691,5.1473986088222,3.4303021074357165
2011-10-01,4.458088903428387,26.69164963318283,4.664910545102063,5.15737748325344,3.431896377756389
2011-11-01,4.5763640052178465,26.697334264351642,4.667364394255827,5.16735635768468,3.4334881104243737
2011-12-01,4.590694488233315,26.702986763064054,4.669812236770303,5.1773352321159205,3.4350773135053654
2012-01-01,4.607901452681105,26.708607490537542,4.672254101980325,5.18731410654716,3.436663995026665
2012-02-01,4.626970815946944,26.713370132802183,4.674073184932987,5.17674073104426,3.43570608925915
2012-03-01,4.664925981286189,26.71811019978102,4.675888964830483,5.16616735554136,3.4347472650283044
2012-04-01,4.637840646849017,26.722827904481917,4.677701453646319,5.15559398003846,3.433787520571147
2012-05-01,4.55023390032204,26.72752345691215,4.679510663289016,5.14502060453556,3.4328268541196167
2012-06-01,4.4104116090904535,26.732197064134496,4.681316605602577,5.13444722903266,3.431865263900552
2012-07-01,4.4761456291080535,26.736848930322044,4.683119292366948,5.12387385352976,3.4309027481356704
2012-08-01,4.54469066234006,26.741479256811694,4.684918735298486,5.11330047802686,3.4299393050415508
2012-09-01,4.5487446304768495,26.746088242156457,4.6867149460504125,5.10272710252396,3.428974932829611
2012-10-01,4.494141462435805,26.750676082176543,4.6885079362132664,5.09215372702106,3.428009629706091
2012-11-01,4.460507684033142,26.75524297000928,4.690297717315352,5.081580351518159,3.4270433938720295
2012-12-01,4.475738947659599,26.759789096157903,4.692084300823186,5.071006976015259,3.4260762235232467
2013-01-01,4.55131220208541,26.764314648539234,4.693867698141936,5.06043360051236,3.4251081168503226
2013-02-01,4.557123692595408,26.761735074403294,4.695445737232209,5.05116014614685,3.429853583226647
2013-03-01,4.531937984081787,26.759148828851508,4.697021290038049,5.04188669178134,3.4345766364707453
2013-04-01,4.522020763530408,26.756555877286527,4.698594364381681,5.03261323741583,3.439277487304982
2013-05-01,4.5487008394995305,26.75395618484116,4.700164968048473,5.02333978305032,3.4439563434938862
2013-06-01,4.561975587400817,26.751349716375593,4.701733108787166,5.01406632868481,3.448613409899252
2013-07-01,4.650821229134407,26.748736436474505,4.703298794310102,5.0047928743193,3.4532488885339587
2013-08-01,4.668827637279412,26.7461163094442,4.704862032293461,4.99551941995379,3.4578629786145565
2013-09-01,4.666166503423033,26.743489299309687,4.706422830377474,4.98624596558828,3.4624558766126343
2013-10-01,4.610538360219108,26.7408553698117,4.7079811961666564,4.97697251122277,3.467027776305024
2013-11-01,4.541846926121322,26.738214484403702,4.709537137230026,4.96769905685726,3.471578868822853
2013-12-01,4.581136047032555,26.73556660624885,4.7110906611013235,4.95842560249175,3.4761093426994925
2014-01-01,4.549838673775237,26.7329116982169,4.712641775279235,4.94915214812624,3.480619383917421
2014-02-01,4.613310646558746,26.73167469831916,4.71189113948659,4.931045718179898,3.4851449766971494
2014-03-01,4.613176147818071,26.730436166357322,4.711139939816559,4.912939288233557,3.4896501807234235
2014-04-01,4.625649521707112,26.729196098531645,4.710388175421336,4.894832858287215,3.4941351788839046
2014-05-01,4.626708001651688,26.727954491028257,4.709635845451201,4.8767264283408736,3.498600151616475
2014-06-01,4.661496507703642,26.726711340019047,4.708882949054516,4.8586199983945315,3.5030452769527995
2014-07-01,4.640427636199569,26.72546664166162,4.708129485377716,4.8405135684481895,3.507470730560918
2014-08-01,4.569917968879804,26.72422039209921,4.707375453565309,4.822407138501848,3.511876685786902
2014-09-01,4.534875447031149,26.72297258746061,4.70662085275986,4.804300708555506,3.5162633136955987
2014-10-01,4.43553134078276,26.721723223860113,4.705865682101998,4.786194278609165,3.5206307831104824
2014-11-01,4.3279594134036055,26.720472297397425,4.705109940730401,4.768087848662823,3.524979260652642
2014-12-01,4.08244832416745,26.719219804157593,4.704353627781791,4.749981418716482,3.529308910778923
2015-01-01,3.854796353965946,26.71796574021094,4.703596742390932,4.73187498877014,3.5336198958192475
2015-02-01,3.9236394826627983,26.720469088284258,4.703753521520816,4.709914199997551,3.5361683163523345
2015-03-01,3.867520001875094,26.72296618525144,4.703910276074858,4.687953411224964,3.538710258943232
2015-04-01,3.9973353207820668,26.725457062253987,4.704067006060759,4.665992622452375,3.541245756441588
2015-05-01,4.082018912531463,26.72794175020128,4.704223711486223,4.644031833679787,3.543774841447811
2015-06-01,4.091332454619697,26.730420279772854,4.704380392358942,4.622071044907198,3.5462975463155852
2015-07-01,3.9298807837291854,26.732892681420704,4.704537048686612,4.600110256134609,3.5488139031543553
2015-08-01,3.758116740173657,26.7353589853715,4.704693680476921,4.578149467362022,3.5513239438317767
2015-09-01,3.817262198500428,26.737819221628833,4.704850287737553,4.556188678589433,3.553827699976138
2015-10-01,3.833491276862639,26.74027341997537,4.705006870476193,4.534227889816845,3.5563252029787527
2015-11-01,3.748173779713891,26.742721609975046,4.705163428700517,4.512267101044257,3.5588164839963192
2015-12-01,3.6160032405165885,26.7451638209752,4.7053199624182,4.490306312271668,3.5613015739532554
2016-01-01,3.455785242999136,26.74760008210866,4.705476471636913,4.46834552349908,3.563780503543999
2016-02-01,3.411906500470507,26.756229481440627,4.70603101109576,4.464031965985267,3.5605725512902446
2016-03-01,3.625576532944591,26.76478505089304,4.7065852432110225,4.4597184084714545,3.5573542749507716
2016-04-01,3.707584373640461,26.7732680430777,4.707139168323191,4.455404850957643,3.5541256078593935
2016-05-01,3.844009246290955,26.781679678996298,4.70769278677219,4.45109129344383,3.5508864827021007
2016-06-01,3.886854370466192,26.790021149095132,4.708246098897381,4.446777735930017,3.547636831508642
2016-07-01,3.798887901383081,26.798293614276215,4.708799105037561,4.4424641784162056,3.544376585643964
2016-08-01,3.800518047423446,26.806498206866873,4.709351805530966,4.438150620902393,3.541105675799515
2016-09-01,3.810707208907187,26.814636031549945,4.709904200715273,4.43383706338858,3.537824031984404
2016-10-01,3.907517633369017,26.822708166256362,4.710456290927598,4.4295235058747675,3.5345315835164133
2016-11-01,3.821243498986452,26.830715663022055,4.711008076504498,4.425209948360955,3.5312282590128636
2016-12-01,3.950675791773758,26.838659548810796,4.711559557781976,4.420896390847143,3.5279139863813307
2017-01-01,3.9608893571714217,26.846540826304608,4.712110735095478,4.41658283333333,3.5245886928102013
2017-02-01,3.9790912189310585,26.855701587244987,4.712996923599287,4.394089819444442,3.52057950196928
2017-03-01,3.8984883454920336,26.864779189861615,4.713882327468315,4.371596805555553,3.5165541727937923
2017-04-01,3.933011719550841,26.87377513034961,4.7147669480907695,4.349103791666665,3.5125125748340658
2017-05-01,3.8810763314471055,26.882690864884246,4.715650786851179,4.326610777777777,3.508454576052327
2017-06-01,3.8106042059394123,26.891527811035605,4.716533845130402,4.304117763888889,3.504380042796819
2017-07-01,3.842255397820427,26.900287349121264,4.717416124305645,4.281624750000001,3.500288839775388
2017-08-01,3.871970642201964,26.908970823500248,4.71829762575047,4.259131736111112,3.49618083002853
2017-09-01,3.9084566535485377,26.917579543811296,4.71917835083481,4.2366387222222235,3.4920558749018777
2017-10-01,3.9430899373018833,26.92611478615828,4.7200583009249835,4.214145708333335,3.4879138340181206
2017-11-01,4.036690227114198,26.934577794245445,4.720937477383702,4.191652694444446,3.4837545652483386
2017-12-01,4.058397817115107,26.942969780465027,4.721815881570089,4.169159680555558,3.479577924682742
2018-01-01,4.1541621357736,26.951291926939618,4.722693514839689,4.14666666666667,3.4753837666007894
2018-02-01,4.130828740955943,26.957394330723975,4.723282281983389,4.141458333333337,3.4721219501782863
2018-03-01,4.138756296386563,26.963459720933994,4.723870702684303,4.136250000000003,3.4688494594823944
2018-04-01,4.193492965459322,26.969488543868977,4.7244587773499,4.13104166666667,3.4655662244206904
2018-05-01,4.248183505152773,26.975481237804544,4.725046506386931,4.125833333333337,3.4622721742080858
2018-06-01,4.21764322301094,26.981438233183827,4.725633890201428,4.120625000000003,3.4589672373576703
2018-07-01,4.26241827340957,26.987359952803004,4.7262209291987105,4.11541666666667,3.455651341671401
2018-08-01,4.220325784779969,26.993246811991362,4.726807623783382,4.110208333333337,3.452324414230641
2018-09-01,4.251805546414758,26.999099218786093,4.727393974359336,4.105000000000003,3.4489863813865353
2018-10-01,4.259134100341726,27.00491757410201,4.727979981329755,4.09979166666667,3.445637168750233
2018-11-01,4.042410711845167,27.010702271896363,4.728565645097114,4.094583333333337,3.442276701182934
2018-12-01,3.902432720861645,27.016453699328896,4.729150966063182,4.089375000000003,3.438904902785779
2019-01-01,3.9391655760913156,27.022172236917317,4.72973594462902,4.08416666666667,3.4355216968895617
2019-02-01,4.006509879902452,27.015483764177503,4.729030748413811,4.018194444444448,3.4361819362316623
2019-03-01,4.06305044566942,27.008750254371883,4.7283250545459365,3.952222222222225,3.4368417399453772
2019-04-01,4.156730470531177,27.001971096869106,4.72761886232252,3.886250000000002,3.437501108605186
2019-05-01,4.108030780237924,26.995145668534203,4.726912171039193,3.82027777777778,3.438160042784432
2019-06-01,4.001086442168906,26.988273333384896,4.726204979990096,3.7543055555555576,3.438818543055327
2019-07-01,4.049313988593817,26.98135344223595,4.725497288467868,3.6883333333333352,3.439476609988952
2019-08-01,4.003798018266798,26.9743853323312,4.724789095763646,3.622361111111113,3.4401342441552623
2019-09-01,4.042121010718135,26.967368326962607,4.72408040116706,3.55638888888889,3.440791446123089
2019-10-01,3.98829943223715,26.96030173507591,4.72337120396623,3.4904166666666674,3.441448216460142
2019-11-01,4.043909625102298,26.953184850862193,4.722661503447757,3.424444444444445,3.4421045557330143
2019-12-01,4.091284328925506,26.946016953334855,4.721951298896724,3.3584722222222227,3.442760464507183
2020-01-01,4.05211615588781,26.938797305891292,4.721240589596691,3.2925,3.443415943347014
2020-02-01,3.9228171698357426,26.939751430449945,4.722265393816408,3.273125,3.445234199856578
2020-03-01,3.3744333068928447,26.94070464552262,4.723289148887517,3.25375,3.4470491563088506
2020-04-01,2.806242227281424,26.941656952841534,4.724311856955962,3.234375,3.4488608246610566
2020-05-01,3.3520946686544235,26.942608354133966,4.725333520161114,3.215,3.4506692168055517
2020-06-01,3.6456397666006133,26.94355885112227,4.72635414063579,3.195625,3.4524743445702892
2020-07-01,3.7064849279021868,26.944508445523883,4.727373720506284,3.17625,3.454276219719285
2020-08-01,3.745709771808188,26.945457139051367,4.728392261892394,3.156875,3.4560748539530777
2020-09-01,3.6796945445368636,26.94640493341241,4.7294097669074455,3.1375,3.4578702589091836
2020-10-01,3.6736619807331894,26.94735183030984,4.730426237658322,3.118125,3.4596624461625503
2020-11-01,3.7120432992480796,26.948297831441675,4.731441676245486,3.09875,3.461451427226001
2020-12-01,3.8506793751870942,26.94924293850109,4.73245608476301,3.079375,3.4632372135506837
2021-01-01,3.9514056487898617,26.950187153176486,4.733469465298598,3.06,3.465019816526505
2021-02-01,4.0783221493247845,26.94844883257144,4.732126330108843,3.0665277777777775,3.4730253587763538
2021-03-01,4.132491678094289,26.946707484945172,4.730781388480386,3.073055555555555,3.480967320975406
2021-04-01,4.1225540186915115,26.94496309973709,4.729434635547573,3.0795833333333325,3.4888467050774357
2021-05-01,4.176991568073028,26.943215666331255,4.728086066425065,3.08611111111111,3.496664489536677
2021-06-01,4.267992245871277,26.94146517405596,4.72673567620773,3.0926388888888874,3.5044216300369952
2021-07-01,4.28338292864932,26.939711612183366,4.725383459970539,3.0991666666666653,3.512119060192994
2021-08-01,4.215535924343442,26.9379549699291,4.724029412768455,3.1056944444444428,3.5197576922243443
2021-09-01,4.271739984349736,26.936195236451855,4.722673529636329,3.11222222222222,3.5273384176045552
2021-10-01,4.400316680687051,26.93443240085299,4.721315805588787,3.1187499999999977,3.534862107685335
2021-11-01,4.371313200231218,26.932666452176125,4.71995623562012,3.125277777777775,3.5423296142976404
2021-12-01,4.272655562221201,26.93089737940673,4.718594814704176,3.1318055555555526,3.549741770330454
2022-01-01,4.421511735950466,26.929125171471718,4.717231537794245,3.13833333333333,3.557099390288264
2022-02-01,4.517879344114467,26.932525986784107,4.724271740428058,3.23395833333333,3.5564832287053627
2022-03-01,4.686774215969379,26.93591527573965,4.731262724912624,3.3295833333333302,3.5558666872332796
2022-04-01,4.6227890580765445,26.939293116206876,4.738205174642542,3.4252083333333303,3.5552497654032917
2022-05-01,4.696402799738487,26.942659585267904,4.745099758877079,3.52083333333333,3.5546324627458064
2022-06-01,4.743514975608143,26.946014759228966,4.751947133127332,3.61645833333333,3.554014778790362
2022-07-01,4.621230525534605,26.9493587136308,4.7587479395302275,3.71208333333333,3.5533967130656237
2022-08-01,4.539726907855232,26.95269152325886,4.765502807209893,3.80770833333333,3.552778265099383
2022-09-01,4.433884650528626,26.956013262153334,4.7722123526269025,3.90333333333333,3.5521594344185536
2022-10-01,4.472264447941055,26.959324003619034,4.778877179915878,3.99895833333333,3.551540220549172
2022-11-01,4.435217532235049,26.96262382023509,4.785497881211927,4.09458333333333,3.5509206230163923
2022-12-01,4.336468741085115,26.965912783864496,4.79207503696633,4.19020833333333,3.550300641344486
2023-01-01,4.35828450772888,26.969190965663504,4.798609216251931,4.28583333333333,3.549680275056839
2023-02-01,4.3416294402641595,26.970903533022657,4.799746740199494,4.276111111111108,3.550856112705244
2023-03-01,4.294258054081901,26.972613172508314,4.800882971656426,4.266388888888887,3.5520305693831116
2023-04-01,4.375081520472341,26.974319894114615,4.80201791355653,4.256666666666665,3.553203648330418
2023-05-01,4.270790304319298,26.976023707784606,4.803151568823633,4.246944444444443,3.5543753527757493
2023-06-01,4.252033193797796,26.9777246234106,4.80428394037163,4.237222222222222,3.5555456859363574
2023-07-01,4.331647396094221,26.979422650834525,4.805415031104526,4.2275,3.556714651018211
2023-08-01,4.399204336489628,26.981117799848246,4.806544843916484,4.217777777777778,3.5578822512160477
2023-09-01,4.493400285145081,26.982810080193918,4.807673381691869,4.208055555555557,3.55904848971343
2023-10-01,4.4501469033314764,26.984499501564333,4.808800647305292,4.198333333333335,3.5602133696827933
2023-11-01,4.352662188543965,26.98618607360322,4.809926643621652,4.188611111111113,3.5613768942855
2023-12-01,4.275276264727001,26.98786980590562,4.811051373496182,4.178888888888892,3.5625390666718904
2024-01-01,4.3061221780128776,26.989550708018164,4.812174839774494,4.16916666666667,3.563699889981333
