date,country_code,country_name,GDP_usd,CPI_index,FX_local_per_USD,Interest_rate_percent,WTI_usd_per_barrel
2006-01-01,THA,Thailand,221758296021.621,90.5854588383715,37.8819832215363,6.27380728455047,65.485
2006-02-01,THA,Thailand,225190323141.07367,90.75466801813862,37.60166633571672,6.254870707668746,61.631052631578946
2006-03-01,THA,Thailand,228622350260.5263,90.92387719790574,37.321349449897134,6.2359341307870215,62.68521739130435
2006-04-01,THA,Thailand,232054377379.979,91.09308637767288,37.041032564077554,6.216997553905298,69.44368421052631
2006-05-01,THA,Thailand,235486404499.43167,91.26229555744,36.76071567825797,6.198060977023573,70.84409090909091
2006-06-01,THA,Thailand,238918431618.8843,91.43150473720712,36.480398792438386,6.179124400141849,70.9509090909091
2006-07-01,THA,Thailand,242350458738.337,91.60071391697426,36.200081906618806,6.1601878232601255,74.41105263157894
2006-08-01,THA,Thailand,245782485857.78967,91.76992309674138,35.91976502079922,6.141251246378401,73.04304347826087
2006-09-01,THA,Thailand,249214512977.2423,91.9391322765085,35.63944813497964,6.122314669496677,63.798
2006-10-01,THA,Thailand,252646540096.695,92.10834145627562,35.35913124916005,6.103378092614952,58.89318181818182
2006-11-01,THA,Thailand,256078567216.14767,92.27755063604276,35.07881436334047,6.084441515733229,59.0825
2006-12-01,THA,Thailand,259510594335.6003,92.44675981580988,34.79849747752088,6.065504938851504,61.959
2007-01-01,THA,Thailand,262942621455.053,92.615968995577,34.5181805917013,6.04656836196978,54.50619047619048
2007-02-01,THA,Thailand,265312651536.37784,93.03802687362727,34.417773929162344,6.027845014544084,59.27894736842105
2007-03-01,THA,Thailand,267682681617.70267,93.46008475167756,34.317367266623386,6.0091216671183885,60.441818181818185
2007-04-01,THA,Thailand,270052711699.0275,93.88214262972784,34.21696060408443,5.990398319692693,63.977
2007-05-01,THA,Thailand,272422741780.35233,94.30420050777812,34.11655394154547,5.971674972266997,63.45454545454545
2007-06-01,THA,Thailand,274792771861.67715,94.72625838582842,34.01614727900651,5.952951624841301,67.48904761904762
2007-07-01,THA,Thailand,277162801943.002,95.14831626387873,33.91574061646755,5.934228277415605,74.11761904761904
2007-08-01,THA,Thailand,279532832024.32684,95.570374141929,33.815333953928594,5.915504929989909,72.35608695652174
2007-09-01,THA,Thailand,281902862105.6517,95.99243201997928,33.714927291389635,5.896781582564214,79.91473684210526
2007-10-01,THA,Thailand,284272892186.9765,96.41448989802956,33.61452062885068,5.878058235138518,85.7986956521739
2007-11-01,THA,Thailand,286642922268.30133,96.83654777607984,33.51411396631172,5.859334887712822,94.77238095238096
2007-12-01,THA,Thailand,289012952349.62616,97.25860565413012,33.41370730377276,5.840611540287126,91.687
2008-01-01,THA,Thailand,291382982430.951,97.6806635321804,33.3133006412338,5.82188819286143,92.9704761904762
2008-02-01,THA,Thailand,290576953077.315,97.61182177463262,33.39434009808299,5.734730638510524,95.386
2008-03-01,THA,Thailand,289770923723.67896,97.54298001708484,33.47537955493218,5.647573084159618,105.454
2008-04-01,THA,Thailand,288964894370.04297,97.47413825953706,33.55641901178137,5.560415529808713,112.58045454545454
2008-05-01,THA,Thailand,288158865016.407,97.40529650198928,33.63745846863057,5.473257975457807,125.39761904761905
2008-06-01,THA,Thailand,287352835662.771,97.33645474444148,33.71849792547976,5.386100421106901,133.88
2008-07-01,THA,Thailand,286546806309.135,97.26761298689372,33.79953738232895,5.298942866755995,133.3709090909091
2008-08-01,THA,Thailand,285740776955.49896,97.19877122934592,33.88057683917814,5.211785312405089,116.66619047619048
2008-09-01,THA,Thailand,284934747601.863,97.12992947179814,33.96161629602733,5.124627758054183,104.11428571428571
2008-10-01,THA,Thailand,284128718248.227,97.06108771425036,34.04265575287653,5.037470203703277,76.6086956521739
2008-11-01,THA,Thailand,283322688894.59094,96.99224595670256,34.12369520972572,4.950312649352372,57.30947368421053
2008-12-01,THA,Thailand,282516659540.95496,96.9234041991548,34.20473466657491,4.863155095001466,41.121818181818185
2009-01-01,THA,Thailand,281710630187.319,96.854562441607,34.2857741234241,4.77599754065056,41.71
2009-02-01,THA,Thailand,286660141532.4732,97.11668223813976,34.06910169647209,4.739167738837825,39.08736842105263
2009-03-01,THA,Thailand,291609652877.62744,97.3788020346725,33.85242926952008,4.70233793702509,47.939090909090915
2009-04-01,THA,Thailand,296559164222.78174,97.64092183120523,33.63575684256807,4.665508135212355,49.64666666666666
2009-05-01,THA,Thailand,301508675567.936,97.903041627738,33.41908441561606,4.62867833339962,59.028499999999994
2009-06-01,THA,Thailand,306458186913.0902,98.16516142427076,33.20241198866405,4.591848531586885,69.64090909090909
2009-07-01,THA,Thailand,311407698258.2445,98.42728122080352,32.98573956171205,4.55501872977415,64.15227272727272
2009-08-01,THA,Thailand,316357209603.39874,98.68940101733624,32.76906713476004,4.518188927961415,71.04476190476191
2009-09-01,THA,Thailand,321306720948.553,98.951520813869,32.552394707808034,4.48135912614868,69.40809523809523
2009-10-01,THA,Thailand,326256232293.7072,99.21364061040175,32.335722280856025,4.444529324335945,75.71545454545455
2009-11-01,THA,Thailand,331205743638.86145,99.4757604069345,32.119049853904016,4.40769952252321,77.99
2009-12-01,THA,Thailand,336155254984.01575,99.73788020346726,31.902377426952008,4.370869720710475,74.47
2010-01-01,THA,Thailand,341104766329.17,100.0,31.685705,4.33403991889774,78.32578947368421
2010-02-01,THA,Thailand,343580930770.3743,100.31739921511634,31.586207361111107,4.395167226770618,76.38736842105263
2010-03-01,THA,Thailand,346057095211.5787,100.63479843023266,31.486709722222216,4.456294534643496,81.20347826086957
2010-04-01,THA,Thailand,348533259652.78296,100.952197645349,31.387212083333324,4.517421842516375,84.29285714285714
2010-05-01,THA,Thailand,351009424093.9873,101.26959686046531,31.287714444444433,4.578549150389253,73.7435
2010-06-01,THA,Thailand,353485588535.19165,101.58699607558168,31.18821680555554,4.639676458262131,75.3359090909091
2010-07-01,THA,Thailand,355961752976.396,101.904395290698,31.08871916666665,4.70080376613501,76.31952380952382
2010-08-01,THA,Thailand,358437917417.60034,102.22179450581432,30.98922152777776,4.761931074007888,76.59909090909092
2010-09-01,THA,Thailand,360914081858.8047,102.53919372093068,30.889723888888867,4.823058381880767,75.24190476190476
2010-10-01,THA,Thailand,363390246300.00903,102.856592936047,30.790226249999975,4.884185689753645,81.89285714285714
2010-11-01,THA,Thailand,365866410741.2133,103.17399215116332,30.690728611111084,4.945312997626523,84.25285714285714
2010-12-01,THA,Thailand,368342575182.41766,103.49139136627966,30.591230972222192,5.006440305499401,89.14590909090909
2011-01-01,THA,Thailand,370818739623.622,103.808790581396,30.4917333333333,5.06756761337228,89.1705
2011-02-01,THA,Thailand,373047038428.2018,104.06960147403532,30.541013194444417,5.077546487803519,88.57842105263158
2011-03-01,THA,Thailand,375275337232.7815,104.33041236667466,30.590293055555534,5.08752536223476,102.85652173913044
2011-04-01,THA,Thailand,377503636037.36127,104.591223259314,30.63957291666665,5.0975042366659995,109.5325
2011-05-01,THA,Thailand,379731934841.941,104.85203415195332,30.688852777777768,5.10748311109724,100.90047619047618
2011-06-01,THA,Thailand,381960233646.5207,105.11284504459266,30.738132638888885,5.11746198552848,96.26409090909092
2011-07-01,THA,Thailand,384188532451.10046,105.373655937232,30.7874125,5.127440859959719,97.3035
2011-08-01,THA,Thailand,386416831255.68024,105.63446682987134,30.836692361111115,5.13741973439096,86.33304347826088
2011-09-01,THA,Thailand,388645130060.26,105.89527772251068,30.885972222222232,5.1473986088222,85.51523809523809
2011-10-01,THA,Thailand,390873428864.8397,106.15608861515,30.93525208333335,5.15737748325344,86.32238095238095
2011-11-01,THA,Thailand,393101727669.4195,106.41689950778934,30.984531944444463,5.16735635768468,97.1604761904762
2011-12-01,THA,Thailand,395330026473.9992,106.67771040042868,31.033811805555583,5.1773352321159205,98.56285714285715
2012-01-01,THA,Thailand,397558325278.579,106.938521293068,31.0830916666667,5.18731410654716,100.2735
2012-02-01,THA,Thailand,399456269388.0763,107.13322837461,31.053331250000035,5.17674073104426,102.204
2012-03-01,THA,Thailand,401354213497.57367,107.327935456152,31.02357083333337,5.16616735554136,106.15772727272729
2012-04-01,THA,Thailand,403252157607.071,107.522642537694,30.9938104166667,5.15559398003846,103.321
2012-05-01,THA,Thailand,405150101716.5683,107.717349619236,30.964050000000032,5.14502060453556,94.65454545454546
2012-06-01,THA,Thailand,407048045826.0657,107.912056700778,30.934289583333367,5.13444722903266,82.30333333333333
2012-07-01,THA,Thailand,408945989935.563,108.10676378232,30.9045291666667,5.12387385352976,87.8952380952381
2012-08-01,THA,Thailand,410843934045.0603,108.301470863862,30.874768750000033,5.11330047802686,94.13130434782607
2012-09-01,THA,Thailand,412741878154.5577,108.496177945404,30.845008333333368,5.10272710252396,94.51368421052632
2012-10-01,THA,Thailand,414639822264.055,108.690885026946,30.8152479166667,5.09215372702106,89.4913043478261
2012-11-01,THA,Thailand,416537766373.5523,108.885592108488,30.78548750000003,5.081580351518159,86.53142857142858
2012-12-01,THA,Thailand,418435710483.0497,109.08029919003,30.755727083333365,5.071006976015259,87.8595
2013-01-01,THA,Thailand,420333654592.547,109.275006271572,30.7259666666667,5.06043360051236,94.75666666666667
2013-02-01,THA,Thailand,419250770059.639,109.44758263336816,30.872122222222252,5.05116014614685,95.30894736842104
2013-03-01,THA,Thailand,418167885526.731,109.62015899516432,31.0182777777778,5.04188669178134,92.9385
2013-04-01,THA,Thailand,417085000993.823,109.79273535696048,31.16443333333335,5.03261323741583,92.02136363636365
2013-05-01,THA,Thailand,416002116460.915,109.96531171875668,31.3105888888889,5.02333978305032,94.50954545454546
2013-06-01,THA,Thailand,414919231928.007,110.13788808055284,31.456744444444453,5.01406632868481,95.7725
2013-07-01,THA,Thailand,413836347395.099,110.310464442349,31.6029,5.0047928743193,104.67090909090908
2013-08-01,THA,Thailand,412753462862.191,110.48304080414516,31.74905555555555,4.99551941995379,106.57272727272726
2013-09-01,THA,Thailand,411670578329.283,110.65561716594134,31.895211111111102,4.98624596558828,106.2895
2013-10-01,THA,Thailand,410587693796.375,110.82819352773753,32.041366666666654,4.97697251122277,100.53826086956522
2013-11-01,THA,Thailand,409504809263.467,111.00076988953369,32.1875222222222,4.96769905685726,93.864
2013-12-01,THA,Thailand,408421924730.559,111.17334625132985,32.33367777777775,4.95842560249175,97.6252380952381
2014-01-01,THA,Thailand,407339040197.651,111.345922613126,32.4798333333333,4.94915214812624,94.61714285714284
2014-02-01,THA,Thailand,406835473366.85376,111.262373739558,32.62715694444442,4.931045718179898,100.81736842105263
2014-03-01,THA,Thailand,406331906536.0565,111.17882486599,32.774480555555535,4.912939288233557,100.80380952380952
2014-04-01,THA,Thailand,405828339705.2593,111.095275992422,32.921804166666654,4.894832858287215,102.0690476190476
2014-05-01,THA,Thailand,405324772874.462,111.011727118854,33.069127777777766,4.8767264283408736,102.17714285714284
2014-06-01,THA,Thailand,404821206043.66473,110.928178245286,33.216451388888885,4.8586199983945315,105.7942857142857
2014-07-01,THA,Thailand,404317639212.8675,110.844629371718,33.363775000000004,4.8405135684481895,103.58863636363638
2014-08-01,THA,Thailand,403814072382.07025,110.76108049815,33.511098611111116,4.822407138501848,96.53619047619048
2014-09-01,THA,Thailand,403310505551.273,110.677531624582,33.658422222222235,4.804300708555506,93.21190476190476
2014-10-01,THA,Thailand,402806938720.4757,110.593982751014,33.80574583333335,4.786194278609165,84.39695652173914
2014-11-01,THA,Thailand,402303371889.67847,110.510433877446,33.953069444444466,4.768087848662823,75.78947368421052
2014-12-01,THA,Thailand,401799805058.8812,110.426885003878,34.10039305555558,4.749981418716482,59.29045454545455
2015-01-01,THA,Thailand,401296238228.084,110.34333613031,34.2477166666667,4.73187498877014,47.219
2015-02-01,THA,Thailand,402302080854.70264,110.36063701871068,34.33510555555558,4.709914199997551,50.58421052631579
2015-03-01,THA,Thailand,403307923481.3213,110.37793790711136,34.42249444444447,4.687953411224964,47.82363636363636
2015-04-01,THA,Thailand,404313766107.94,110.395238795512,34.50988333333335,4.665992622452375,54.45285714285714
2015-05-01,THA,Thailand,405319608734.55865,110.41253968391268,34.59727222222223,4.644031833679787,59.265
2015-06-01,THA,Thailand,406325451361.1773,110.42984057231334,34.68466111111112,4.622071044907198,59.819545454545455
2015-07-01,THA,Thailand,407331293987.796,110.447141460714,34.77205,4.600110256134609,50.90090909090909
2015-08-01,THA,Thailand,408337136614.4147,110.46444234911466,34.85943888888888,4.578149467362022,42.86761904761905
2015-09-01,THA,Thailand,409342979241.0333,110.48174323751532,34.94682777777777,4.556188678589433,45.47952380952381
2015-10-01,THA,Thailand,410348821867.652,110.499044125916,35.03421666666665,4.534227889816845,46.22363636363636
2015-11-01,THA,Thailand,411354664494.2706,110.51634501431668,35.12160555555553,4.512267101044257,42.4435
2015-12-01,THA,Thailand,412360507120.88934,110.53364590271732,35.20899444444442,4.490306312271668,37.18863636363636
2016-01-01,THA,Thailand,413366349747.508,110.550946791118,35.2963833333333,4.46834552349908,31.683157894736844
2016-02-01,THA,Thailand,416948888396.6127,110.61226865445168,35.18333564361268,4.464031965985267,30.323
2016-03-01,THA,Thailand,420531427045.71735,110.67359051778531,35.07028795389205,4.4597184084714545,37.54636363636364
2016-04-01,THA,Thailand,424113965694.822,110.734912381119,34.957240264171425,4.455404850957643,40.7552380952381
2016-05-01,THA,Thailand,427696504343.92664,110.79623424445266,34.8441925744508,4.45109129344383,46.712380952380954
2016-06-01,THA,Thailand,431279042993.0313,110.85755610778634,34.73114488473018,4.446777735930017,48.75727272727273
2016-07-01,THA,Thailand,434861581642.136,110.91887797112,34.618097195009554,4.4424641784162056,44.6515
2016-08-01,THA,Thailand,438444120291.24066,110.98019983445366,34.50504950528892,4.438150620902393,44.72434782608696
2016-09-01,THA,Thailand,442026658940.34534,111.04152169778732,34.3920018155683,4.43383706338858,45.18238095238095
2016-10-01,THA,Thailand,445609197589.4499,111.102843561121,34.278954125847676,4.4295235058747675,49.775238095238095
2016-11-01,THA,Thailand,449191736238.5546,111.16416542445468,34.165906436127045,4.425209948360955,45.66095238095238
2016-12-01,THA,Thailand,452774274887.6593,111.22548728778833,34.05285874640642,4.420896390847143,51.9704761904762
2017-01-01,THA,Thailand,456356813536.764,111.286809151122,33.9398110566858,4.41658283333333,52.504
2017-02-01,THA,Thailand,460556596442.4074,111.385473953367,33.804012280557465,4.394089819444442,53.46842105263158
2017-03-01,THA,Thailand,464756379348.0508,111.484138755612,33.66821350442913,4.371596805555553,49.32782608695652
2017-04-01,THA,Thailand,468956162253.6942,111.582803557857,33.5324147283008,4.349103791666665,51.060526315789474
2017-05-01,THA,Thailand,473155945159.3377,111.681468360102,33.39661595217247,4.326610777777777,48.47636363636364
2017-06-01,THA,Thailand,477355728064.9811,111.780133162347,33.260817176044135,4.304117763888889,45.177727272727275
2017-07-01,THA,Thailand,481555510970.6245,111.878797964592,33.1250183999158,4.281624750000001,46.630526315789474
2017-08-01,THA,Thailand,485755293876.2679,111.977462766837,32.98921962378746,4.259131736111112,48.03695652173913
2017-09-01,THA,Thailand,489955076781.9113,112.076127569082,32.85342084765913,4.2366387222222235,49.822
2017-10-01,THA,Thailand,494154859687.55475,112.174792371327,32.7176220715308,4.214145708333335,51.57772727272727
2017-11-01,THA,Thailand,498354642593.1981,112.273457173572,32.581823295402465,4.191652694444446,56.63857142857143
2017-12-01,THA,Thailand,502554425498.8415,112.372121975817,32.44602451927413,4.169159680555558,57.8815
2018-01-01,THA,Thailand,506754208404.485,112.470786778062,32.3102257431458,4.14666666666667,63.698571428571434
2018-02-01,THA,Thailand,509856082020.2684,112.53702537958569,32.205007412929476,4.141458333333337,62.22947368421052
2018-03-01,THA,Thailand,512957955636.0518,112.60326398110934,32.09978908271315,4.136250000000003,62.724761904761905
2018-04-01,THA,Thailand,516059829251.8352,112.669502582633,31.994570752496827,4.13104166666667,66.25380952380952
2018-05-01,THA,Thailand,519161702867.61865,112.73574118415668,31.8893524222805,4.125833333333337,69.97818181818182
2018-06-01,THA,Thailand,522263576483.4021,112.80197978568032,31.784134092064175,4.120625000000003,67.87333333333333
2018-07-01,THA,Thailand,525365450099.1855,112.868218387204,31.67891576184785,4.11541666666667,70.98142857142857
2018-08-01,THA,Thailand,528467323714.9689,112.93445698872767,31.57369743163153,4.110208333333337,68.05565217391305
2018-09-01,THA,Thailand,531569197330.7523,113.00069559025134,31.4684791014152,4.105000000000003,70.2321052631579
2018-10-01,THA,Thailand,534671070946.53577,113.066934191775,31.36326077119887,4.09979166666667,70.74869565217391
2018-11-01,THA,Thailand,537772944562.3191,113.13317279329868,31.25804244098255,4.094583333333337,56.9635
2018-12-01,THA,Thailand,540874818178.10254,113.19941139482232,31.152824110766225,4.089375000000003,49.522777777777776
2019-01-01,THA,Thailand,543976691793.886,113.265649996346,31.0476057805499,4.08416666666667,51.37571428571429
2019-02-01,THA,Thailand,540350459017.7493,113.1858036456365,31.068111399927677,4.018194444444448,54.95473684210527
2019-03-01,THA,Thailand,536724226241.6127,113.105957294927,31.088617019305453,3.952222222222225,58.151428571428575
2019-04-01,THA,Thailand,533097993465.4759,113.02611094421748,31.109122638683225,3.886250000000002,63.862380952380946
2019-05-01,THA,Thailand,529471760689.3393,112.946264593508,31.129628258061,3.82027777777778,60.82681818181818
2019-06-01,THA,Thailand,525845527913.20264,112.8664182427985,31.150133877438776,3.7543055555555576,54.657500000000006
2019-07-01,THA,Thailand,522219295137.066,112.786571892089,31.17063949681655,3.6883333333333352,57.35809523809524
2019-08-01,THA,Thailand,518593062360.9293,112.7067255413795,31.191145116194324,3.622361111111113,54.80590909090909
2019-09-01,THA,Thailand,514966829584.79266,112.62687919067,31.2116507355721,3.55638888888889,56.947
2019-10-01,THA,Thailand,511340596808.656,112.54703283996052,31.232156354949876,3.4904166666666674,53.96304347826087
2019-11-01,THA,Thailand,507714364032.5193,112.467186489251,31.25266197432765,3.424444444444445,57.048947368421054
2019-12-01,THA,Thailand,504088131256.3826,112.3873401385415,31.273167593705423,3.3584722222222227,59.81666666666667
2020-01-01,THA,Thailand,500461898480.246,112.307493787832,31.2936732130832,3.2925,57.519047619047626
2020-02-01,THA,Thailand,500939629339.3869,112.42264597551758,31.35062489880724,3.273125,50.54263157894737
2020-03-01,THA,Thailand,501417360198.52783,112.53779816320316,31.407576584531284,3.25375,29.207727272727276
2020-04-01,THA,Thailand,501895091057.6687,112.65295035088874,31.464528270255325,3.234375,16.547619047619047
2020-05-01,THA,Thailand,502372821916.8096,112.76810253857434,31.52147995597937,3.215,28.5625
2020-06-01,THA,Thailand,502850552775.95056,112.88325472625992,31.578431641703407,3.195625,38.307272727272725
2020-07-01,THA,Thailand,503328283635.0915,112.9984069139455,31.635383327427448,3.17625,40.710454545454546
2020-08-01,THA,Thailand,503806014494.2324,113.11355910163108,31.692335013151492,3.156875,42.33904761904762
2020-09-01,THA,Thailand,504283745353.37335,113.22871128931666,31.749286698875533,3.1375,39.63428571428571
2020-10-01,THA,Thailand,504761476212.5143,113.34386347700226,31.806238384599578,3.118125,39.39590909090909
2020-11-01,THA,Thailand,505239207071.6551,113.45901566468784,31.86319007032362,3.09875,40.93736842105263
2020-12-01,THA,Thailand,505716937930.7961,113.57416785237342,31.92014175604766,3.079375,47.025
2021-01-01,THA,Thailand,506194668789.937,113.689320040059,31.9770934417717,3.06,52.008421052631576
2021-02-01,THA,Thailand,505315504523.0807,113.53672241617376,32.234114839497195,3.0665277777777775,59.04631578947369
2021-03-01,THA,Thailand,504436340256.2244,113.3841247922885,32.49113623722268,3.073055555555555,62.33304347826088
2021-04-01,THA,Thailand,503557175989.368,113.23152716840325,32.74815763494817,3.0795833333333325,61.71666666666666
2021-05-01,THA,Thailand,502678011722.51166,113.078929544518,33.00517903267367,3.08611111111111,65.1695
2021-06-01,THA,Thailand,501798847455.65533,112.92633192063276,33.26220043039916,3.0926388888888874,71.37818181818182
2021-07-01,THA,Thailand,500919683188.799,112.7737342967475,33.51922182812465,3.0991666666666653,72.4852380952381
2021-08-01,THA,Thailand,500040518921.9427,112.62113667286224,33.77624322585014,3.1056944444444428,67.73045454545455
2021-09-01,THA,Thailand,499161354655.0864,112.468539048977,34.03326462357563,3.11222222222222,71.64619047619047
2021-10-01,THA,Thailand,498282190388.23,112.31594142509176,34.29028602130113,3.1187499999999977,81.47666666666666
2021-11-01,THA,Thailand,497403026121.37366,112.1633438012065,34.547307419026616,3.125277777777775,79.14750000000001
2021-12-01,THA,Thailand,496523861854.51733,112.01074617732124,34.804328816752104,3.1318055555555526,71.71181818181819
2022-01-01,THA,Thailand,495644697587.661,111.858148553436,35.0613502144776,3.13833333333333,83.22200000000001
2022-02-01,THA,Thailand,497333163117.10034,112.6484311963095,35.03975341167417,3.23395833333333,91.64105263157894
2022-03-01,THA,Thailand,499021628646.5397,113.438713839183,35.01815660887073,3.3295833333333302,108.50260869565216
2022-04-01,THA,Thailand,500710094175.979,114.2289964820565,34.996559806067296,3.4252083333333303,101.7775
2022-05-01,THA,Thailand,502398559705.41833,115.01927912493,34.974963003263866,3.52083333333333,109.55238095238094
2022-06-01,THA,Thailand,504087025234.85767,115.8095617678035,34.95336620046044,3.61645833333333,114.83714285714284
2022-07-01,THA,Thailand,505775490764.297,116.599844410677,34.931769397657,3.71208333333333,101.619
2022-08-01,THA,Thailand,507463956293.7363,117.3901270535505,34.91017259485356,3.80770833333333,93.66521739130437
2022-09-01,THA,Thailand,509152421823.17566,118.180409696424,34.88857579205013,3.90333333333333,84.25809523809524
2022-10-01,THA,Thailand,510840887352.615,118.9706923392975,34.866978989246704,3.99895833333333,87.5547619047619
2022-11-01,THA,Thailand,512529352882.0543,119.760974982171,34.84538218644327,4.09458333333333,84.37047619047618
2022-12-01,THA,Thailand,514217818411.49365,120.55125762504451,34.82378538363983,4.19020833333333,76.43714285714286
2023-01-01,THA,Thailand,515906283940.933,121.341540267918,34.8021885808364,4.28583333333333,78.123
2023-02-01,THA,Thailand,516790565182.66223,121.47964771117684,34.84313437250071,4.276111111111108,76.83263157894737
2023-03-01,THA,Thailand,517674846424.3915,121.61775515443568,34.88408016416501,4.266388888888887,73.27782608695652
2023-04-01,THA,Thailand,518559127666.1207,121.7558625976945,34.92502595582933,4.256666666666665,79.44631578947369
2023-05-01,THA,Thailand,519443408907.85,121.89397004095332,34.96597174749363,4.246944444444443,71.57818181818182
2023-06-01,THA,Thailand,520327690149.5792,122.03207748421217,35.00691753915794,4.237222222222222,70.24809523809525
2023-07-01,THA,Thailand,521211971391.3085,122.170184927471,35.04786333082225,4.2275,76.0695
2023-08-01,THA,Thailand,522096252633.0378,122.30829237072984,35.08880912248656,4.217777777777778,81.38608695652174
2023-09-01,THA,Thailand,522980533874.767,122.44639981398868,35.129754914150865,4.208055555555557,89.425
2023-10-01,THA,Thailand,523864815116.4963,122.58450725724752,35.17070070581517,4.198333333333335,85.63952380952381
2023-11-01,THA,Thailand,524749096358.2255,122.72261470050634,35.21164649747948,4.188611111111113,77.685
2023-12-01,THA,Thailand,525633377599.9548,122.86072214376516,35.25259228914379,4.178888888888892,71.9
2024-01-01,THA,Thailand,526517658841.684,122.998829587024,35.2935380808081,4.16916666666667,74.15238095238095
