date,country_code,country_name,GDP_usd,CPI_index,FX_local_per_USD,Exports_usd,Imports_usd,Trade_balance_usd,Interest_rate_percent,WTI_usd_per_barrel
2011-04-01,THA,Thailand,377503636037.36127,104.591223259314,30.63957291666665,265587805850.90775,259703677592.24823,5884128258.659515,5.0975042366659995,109.5325
2011-05-01,THA,Thailand,379731934841.941,104.85203415195333,30.688852777777768,266535980492.886,261205135886.544,5330844606.34198,5.10748311109724,100.90047619047618
2011-06-01,THA,Thailand,381960233646.52075,105.11284504459266,30.738132638888885,267484155134.86426,262706594180.83975,4777560954.024506,5.11746198552848,96.26409090909091
2011-07-01,THA,Thailand,384188532451.10046,105.373655937232,30.787412500000002,268432329776.8425,264208052475.1355,4224277301.7070007,5.127440859959719,97.3035
2011-08-01,THA,Thailand,386416831255.68024,105.63446682987134,30.836692361111115,269380504418.82074,265709510769.43124,3670993649.389496,5.13741973439096,86.33304347826088
2011-09-01,THA,Thailand,388645130060.26,105.89527772251067,30.885972222222232,270328679060.799,267210969063.727,3117709997.0720215,5.1473986088222,85.51523809523809
2011-10-01,THA,Thailand,390873428864.8397,106.15608861515,30.93525208333335,271276853702.77725,268712427358.02277,2564426344.754486,5.15737748325344,86.32238095238095
2011-11-01,THA,Thailand,393101727669.4195,106.41689950778934,30.984531944444466,272225028344.7555,270213885652.3185,2011142692.4369812,5.16735635768468,97.16047619047619
2011-12-01,THA,Thailand,395330026473.9992,106.67771040042868,31.033811805555583,273173202986.73376,271715343946.61426,1457859040.1195068,5.1773352321159205,98.56285714285715
2012-01-01,THA,Thailand,397558325278.579,106.938521293068,31.0830916666667,274121377628.712,273216802240.91,904575387.802002,5.18731410654716,100.2735
2012-02-01,THA,Thailand,399456269388.0763,107.13322837461001,31.053331250000035,274806505501.676,273318785878.23618,1487719623.4398193,5.17674073104426,102.204
2012-03-01,THA,Thailand,401354213497.57367,107.327935456152,31.023570833333366,275491633374.64,273420769515.56235,2070863859.0776672,5.16616735554136,106.15772727272729
2012-04-01,THA,Thailand,403252157607.071,107.522642537694,30.9938104166667,276176761247.604,273522753152.8885,2654008094.715515,5.15559398003846,103.321
2012-05-01,THA,Thailand,405150101716.5683,107.717349619236,30.964050000000032,276861889120.568,273624736790.21466,3237152330.3533325,5.14502060453556,94.65454545454546
2012-06-01,THA,Thailand,407048045826.0657,107.91205670077801,30.934289583333367,277547016993.53204,273726720427.54083,3820296565.991211,5.13444722903266,82.30333333333333
2012-07-01,THA,Thailand,408945989935.563,108.10676378232,30.9045291666667,278232144866.49603,273828704064.867,4403440801.629028,5.12387385352976,87.8952380952381
2012-08-01,THA,Thailand,410843934045.0603,108.301470863862,30.874768750000033,278917272739.46,273930687702.19318,4986585037.266846,5.11330047802686,94.13130434782609
2012-09-01,THA,Thailand,412741878154.5577,108.496177945404,30.845008333333368,279602400612.424,274032671339.51935,5569729272.904663,5.10272710252396,94.51368421052632
2012-10-01,THA,Thailand,414639822264.055,108.690885026946,30.8152479166667,280287528485.388,274134654976.84552,6152873508.54248,5.09215372702106,89.4913043478261
2012-11-01,THA,Thailand,416537766373.5523,108.885592108488,30.785487500000034,280972656358.35205,274236638614.17166,6736017744.180389,5.081580351518159,86.53142857142858
2012-12-01,THA,Thailand,418435710483.0497,109.08029919002999,30.755727083333365,281657784231.31604,274338622251.49783,7319161979.818207,5.071006976015259,87.8595
2013-01-01,THA,Thailand,420333654592.547,109.275006271572,30.7259666666667,282342912104.28,274440605888.824,7902306215.456024,5.06043360051236,94.75666666666667
2013-02-01,THA,Thailand,419250770059.639,109.44758263336817,30.872122222222252,282030670572.02246,272789986647.42218,9240683924.60028,5.05116014614685,95.30894736842104
2013-03-01,THA,Thailand,418167885526.731,109.62015899516433,31.0182777777778,281718429039.7649,271139367406.02032,10579061633.744568,5.04188669178134,92.9385
2013-04-01,THA,Thailand,417085000993.823,109.79273535696049,31.16443333333335,281406187507.50726,269488748164.6185,11917439342.888763,5.03261323741583,92.02136363636363
2013-05-01,THA,Thailand,416002116460.915,109.96531171875667,31.3105888888889,281093945975.2497,267838128923.21667,13255817052.03302,5.02333978305032,94.50954545454546
2013-06-01,THA,Thailand,414919231928.007,110.13788808055284,31.456744444444453,280781704442.9921,266187509681.81485,14594194761.177277,5.01406632868481,95.77250000000001
2013-07-01,THA,Thailand,413836347395.099,110.310464442349,31.6029,280469462910.7345,264536890440.41302,15932572470.321472,5.0047928743193,104.67090909090908
2013-08-01,THA,Thailand,412753462862.191,110.48304080414516,31.74905555555555,280157221378.4769,262886271199.01117,17270950179.46576,4.99551941995379,106.57272727272726
2013-09-01,THA,Thailand,411670578329.283,110.65561716594134,31.895211111111102,279844979846.21936,261235651957.60934,18609327888.610016,4.98624596558828,106.2895
2013-10-01,THA,Thailand,410587693796.375,110.82819352773751,32.041366666666654,279532738313.9618,259585032716.20752,19947705597.754272,4.97697251122277,100.53826086956522
2013-11-01,THA,Thailand,409504809263.467,111.00076988953367,32.1875222222222,279220496781.7042,257934413474.80566,21286083306.89856,4.96769905685726,93.864
2013-12-01,THA,Thailand,408421924730.559,111.17334625132983,32.33367777777775,278908255249.4466,256283794233.40384,22624461016.042755,4.95842560249175,97.6252380952381
2014-01-01,THA,Thailand,407339040197.651,111.345922613126,32.4798333333333,278596013717.189,254633174992.002,23962838725.18701,4.94915214812624,94.61714285714285
2014-02-01,THA,Thailand,406835473366.85376,111.262373739558,32.62715694444442,277998303717.2436,252543191602.40952,25455112114.834076,4.931045718179898,100.81736842105263
2014-03-01,THA,Thailand,406331906536.0565,111.17882486599001,32.774480555555535,277400593717.2982,250453208212.81702,26947385504.4812,4.912939288233557,100.80380952380953
2014-04-01,THA,Thailand,405828339705.2593,111.095275992422,32.921804166666654,276802883717.3528,248363224823.22452,28439658894.128265,4.894832858287215,102.06904761904761
2014-05-01,THA,Thailand,405324772874.462,111.01172711885401,33.069127777777766,276205173717.40735,246273241433.63202,29931932283.77533,4.8767264283408736,102.17714285714285
2014-06-01,THA,Thailand,404821206043.66473,110.928178245286,33.216451388888885,275607463717.4619,244183258044.03952,31424205673.422394,4.8586199983945315,105.7942857142857
2014-07-01,THA,Thailand,404317639212.8675,110.84462937171801,33.363775000000004,275009753717.5165,242093274654.44702,32916479063.069458,4.8405135684481895,103.58863636363638
2014-08-01,THA,Thailand,403814072382.07025,110.76108049815001,33.511098611111116,274412043717.5711,240003291264.8545,34408752452.71661,4.822407138501848,96.53619047619047
2014-09-01,THA,Thailand,403310505551.273,110.677531624582,33.658422222222235,273814333717.62567,237913307875.262,35901025842.36368,4.804300708555506,93.21190476190476
2014-10-01,THA,Thailand,402806938720.4757,110.59398275101401,33.80574583333335,273216623717.68024,235823324485.6695,37393299232.01074,4.786194278609165,84.39695652173914
2014-11-01,THA,Thailand,402303371889.67847,110.510433877446,33.953069444444466,272618913717.73483,233733341096.077,38885572621.65784,4.768087848662823,75.78947368421052
2014-12-01,THA,Thailand,401799805058.8812,110.42688500387801,34.10039305555558,272021203717.78943,231643357706.4845,40377846011.30493,4.749981418716482,59.29045454545455
2015-01-01,THA,Thailand,401296238228.084,110.34333613031,34.2477166666667,271423493717.844,229553374316.892,41870119400.951996,4.73187498877014,47.219
2015-02-01,THA,Thailand,402302080854.70264,110.36063701871068,34.33510555555558,271908907975.2975,228854672368.6136,43054235606.6839,4.709914199997551,50.58421052631579
2015-03-01,THA,Thailand,403307923481.3213,110.37793790711135,34.42249444444447,272394322232.751,228155970420.33517,44238351812.41583,4.687953411224964,47.82363636363636
2015-04-01,THA,Thailand,404313766107.94,110.395238795512,34.50988333333335,272879736490.2045,227457268472.05676,45422468018.147736,4.665992622452375,54.45285714285714
2015-05-01,THA,Thailand,405319608734.55865,110.41253968391267,34.59727222222223,273365150747.658,226758566523.77832,46606584223.87967,4.644031833679787,59.265
2015-06-01,THA,Thailand,406325451361.1773,110.42984057231334,34.68466111111112,273850565005.1115,226059864575.4999,47790700429.6116,4.622071044907198,59.819545454545455
2015-07-01,THA,Thailand,407331293987.796,110.447141460714,34.77205,274335979262.565,225361162627.2215,48974816635.343506,4.600110256134609,50.90090909090909
2015-08-01,THA,Thailand,408337136614.4147,110.46444234911466,34.85943888888888,274821393520.0185,224662460678.94308,50158932841.07541,4.578149467362022,42.86761904761905
2015-09-01,THA,Thailand,409342979241.0333,110.48174323751533,34.94682777777777,275306807777.472,223963758730.66467,51343049046.80731,4.556188678589433,45.47952380952381
2015-10-01,THA,Thailand,410348821867.652,110.499044125916,35.03421666666665,275792222034.92554,223265056782.38623,52527165252.53931,4.534227889816845,46.22363636363636
2015-11-01,THA,Thailand,411354664494.2706,110.51634501431667,35.12160555555553,276277636292.379,222566354834.10782,53711281458.27121,4.512267101044257,42.4435
2015-12-01,THA,Thailand,412360507120.88934,110.53364590271732,35.20899444444442,276763050549.8325,221867652885.8294,54895397664.00311,4.490306312271668,37.18863636363636
2016-01-01,THA,Thailand,413366349747.508,110.550946791118,35.2963833333333,277248464807.286,221168950937.551,56079513869.735016,4.46834552349908,31.683157894736844
2016-02-01,THA,Thailand,416948888396.6127,110.61226865445167,35.18333564361268,279499927218.2007,223357392720.83817,56142534497.36252,4.464031965985267,30.323
2016-03-01,THA,Thailand,420531427045.71735,110.67359051778533,35.07028795389205,281751389629.11536,225545834504.12534,56205555124.99002,4.4597184084714545,37.54636363636364
2016-04-01,THA,Thailand,424113965694.822,110.73491238111899,34.957240264171425,284002852040.03,227734276287.4125,56268575752.61752,4.455404850957643,40.7552380952381
2016-05-01,THA,Thailand,427696504343.92664,110.79623424445266,34.8441925744508,286254314450.9447,229922718070.69968,56331596380.245026,4.45109129344383,46.712380952380954
2016-06-01,THA,Thailand,431279042993.0313,110.85755610778634,34.73114488473018,288505776861.8594,232111159853.98685,56394617007.87253,4.446777735930017,48.75727272727273
2016-07-01,THA,Thailand,434861581642.136,110.91887797112,34.618097195009554,290757239272.77405,234299601637.274,56457637635.50006,4.4424641784162056,44.6515
2016-08-01,THA,Thailand,438444120291.24066,110.98019983445366,34.50504950528892,293008701683.68866,236488043420.56116,56520658263.1275,4.438150620902393,44.72434782608696
2016-09-01,THA,Thailand,442026658940.34534,111.04152169778733,34.3920018155683,295260164094.60333,238676485203.84833,56583678890.755005,4.43383706338858,45.18238095238095
2016-10-01,THA,Thailand,445609197589.44995,111.102843561121,34.278954125847676,297511626505.518,240864926987.1355,56646699518.38251,4.4295235058747675,49.775238095238095
2016-11-01,THA,Thailand,449191736238.5546,111.16416542445467,34.165906436127045,299763088916.4327,243053368770.42267,56709720146.01001,4.425209948360955,45.66095238095238
2016-12-01,THA,Thailand,452774274887.6593,111.22548728778833,34.05285874640642,302014551327.34735,245241810553.70984,56772740773.63751,4.420896390847143,51.9704761904762
2017-01-01,THA,Thailand,456356813536.764,111.286809151122,33.9398110566858,304266013738.262,247430252336.997,56835761401.265015,4.41658283333333,52.504
2017-02-01,THA,Thailand,460556596442.4074,111.385473953367,33.804012280557465,306291327983.96875,250461185504.9116,55830142479.05716,4.394089819444442,53.46842105263158
2017-03-01,THA,Thailand,464756379348.0508,111.48413875561201,33.66821350442913,308316642229.67554,253492118672.82617,54824523556.849365,4.371596805555553,49.32782608695652
2017-04-01,THA,Thailand,468956162253.6942,111.582803557857,33.5324147283008,310341956475.38226,256523051840.74075,53818904634.64151,4.349103791666665,51.060526315789474
2017-05-01,THA,Thailand,473155945159.33765,111.681468360102,33.39661595217247,312367270721.089,259553985008.65533,52813285712.433655,4.326610777777777,48.47636363636364
2017-06-01,THA,Thailand,477355728064.9811,111.780133162347,33.260817176044135,314392584966.7958,262584918176.56992,51807666790.22586,4.304117763888889,45.177727272727275
2017-07-01,THA,Thailand,481555510970.6245,111.878797964592,33.1250183999158,316417899212.5025,265615851344.4845,50802047868.018005,4.281624750000001,46.630526315789474
2017-08-01,THA,Thailand,485755293876.2679,111.97746276683701,32.98921962378746,318443213458.2092,268646784512.39908,49796428945.81015,4.259131736111112,48.03695652173913
2017-09-01,THA,Thailand,489955076781.9113,112.076127569082,32.85342084765913,320468527703.916,271677717680.31366,48790810023.602356,4.2366387222222235,49.822
2017-10-01,THA,Thailand,494154859687.55475,112.174792371327,32.7176220715308,322493841949.62274,274708650848.22824,47785191101.3945,4.214145708333335,51.57772727272727
2017-11-01,THA,Thailand,498354642593.1981,112.27345717357201,32.581823295402465,324519156195.32947,277739584016.1428,46779572179.186646,4.191652694444446,56.63857142857143
2017-12-01,THA,Thailand,502554425498.84155,112.37212197581701,32.44602451927413,326544470441.03625,280770517184.0574,45773953256.97888,4.169159680555558,57.8815
2018-01-01,THA,Thailand,506754208404.485,112.470786778062,32.3102257431458,328569784686.743,283801450351.972,44768334334.770996,4.14666666666667,63.698571428571434
2018-02-01,THA,Thailand,509856082020.26843,112.53702537958567,32.205007412929476,328169710312.6275,282894371255.55524,45275339057.072266,4.141458333333337,62.22947368421052
2018-03-01,THA,Thailand,512957955636.0518,112.60326398110934,32.09978908271315,327769635938.51196,281987292159.1385,45782343779.373474,4.136250000000003,62.724761904761905
2018-04-01,THA,Thailand,516059829251.8352,112.669502582633,31.994570752496827,327369561564.3965,281080213062.72174,46289348501.67474,4.13104166666667,66.25380952380952
2018-05-01,THA,Thailand,519161702867.61865,112.73574118415667,31.8893524222805,326969487190.281,280173133966.305,46796353223.97601,4.125833333333337,69.97818181818182
2018-06-01,THA,Thailand,522263576483.4021,112.80197978568033,31.784134092064175,326569412816.16547,279266054869.88824,47303357946.27722,4.120625000000003,67.87333333333333
2018-07-01,THA,Thailand,525365450099.1855,112.868218387204,31.67891576184785,326169338442.05,278358975773.4715,47810362668.57849,4.11541666666667,70.98142857142857
2018-08-01,THA,Thailand,528467323714.9689,112.93445698872767,31.573697431631526,325769264067.9345,277451896677.05475,48317367390.87976,4.110208333333337,68.05565217391305
2018-09-01,THA,Thailand,531569197330.7523,113.00069559025134,31.468479101415202,325369189693.819,276544817580.638,48824372113.18097,4.105000000000003,70.2321052631579
2018-10-01,THA,Thailand,534671070946.53577,113.066934191775,31.363260771198874,324969115319.7035,275637738484.22125,49331376835.48224,4.09979166666667,70.74869565217391
2018-11-01,THA,Thailand,537772944562.31915,113.13317279329867,31.25804244098255,324569040945.588,274730659387.8045,49838381557.78351,4.094583333333337,56.963499999999996
2018-12-01,THA,Thailand,540874818178.10254,113.19941139482233,31.152824110766225,324168966571.4725,273823580291.38776,50345386280.08472,4.089375000000003,49.522777777777776
2019-01-01,THA,Thailand,543976691793.886,113.265649996346,31.0476057805499,323768892197.357,272916501194.971,50852391002.38599,4.08416666666667,51.37571428571429
2019-02-01,THA,Thailand,540350459017.7493,113.1858036456365,31.068111399927677,318263983265.7753,269485582042.13477,48778401223.640564,4.018194444444448,54.95473684210527
2019-03-01,THA,Thailand,536724226241.6127,113.105957294927,31.088617019305453,312759074334.19366,266054662889.29852,46704411444.89514,3.952222222222225,58.151428571428575
2019-04-01,THA,Thailand,533097993465.47595,113.02611094421749,31.109122638683225,307254165402.612,262623743736.46225,44630421666.14975,3.8862500000000026,63.862380952380946
2019-05-01,THA,Thailand,529471760689.3393,112.946264593508,31.129628258061,301749256471.03033,259192824583.626,42556431887.40433,3.82027777777778,60.82681818181818
2019-06-01,THA,Thailand,525845527913.20264,112.8664182427985,31.150133877438776,296244347539.44867,255761905430.78976,40482442108.658905,3.7543055555555576,54.657500000000006
2019-07-01,THA,Thailand,522219295137.066,112.786571892089,31.17063949681655,290739438607.867,252330986277.9535,38408452329.91351,3.6883333333333352,57.35809523809524
2019-08-01,THA,Thailand,518593062360.9293,112.7067255413795,31.191145116194324,285234529676.28534,248900067125.11725,36334462551.16809,3.6223611111111125,54.80590909090909
2019-09-01,THA,Thailand,514966829584.79266,112.62687919067,31.2116507355721,279729620744.7037,245469147972.281,34260472772.42267,3.55638888888889,56.947
2019-10-01,THA,Thailand,511340596808.656,112.54703283996051,31.232156354949876,274224711813.122,242038228819.44476,32186482993.677246,3.4904166666666674,53.96304347826087
2019-11-01,THA,Thailand,507714364032.5193,112.467186489251,31.25266197432765,268719802881.54034,238607309666.60852,30112493214.931824,3.424444444444445,57.048947368421054
2019-12-01,THA,Thailand,504088131256.3826,112.3873401385415,31.273167593705423,263214893949.95868,235176390513.77225,28038503436.18643,3.3584722222222227,59.81666666666667
2020-01-01,THA,Thailand,500461898480.246,112.307493787832,31.2936732130832,257709985018.377,231745471360.936,25964513657.44101,3.2925,57.519047619047626
2020-02-01,THA,Thailand,500939629339.3869,112.42264597551758,31.35062489880724,260936195111.01727,237191986125.85043,23744208985.16684,3.273125,50.54263157894737
2020-03-01,THA,Thailand,501417360198.52783,112.53779816320316,31.407576584531284,264162405203.6575,242638500890.76483,21523904312.89267,3.25375,29.207727272727276
2020-04-01,THA,Thailand,501895091057.6687,112.65295035088874,31.464528270255325,267388615296.29776,248085015655.67926,19303599640.6185,3.234375,16.547619047619047
2020-05-01,THA,Thailand,502372821916.80963,112.76810253857434,31.521479955979366,270614825388.93802,253531530420.59366,17083294968.34436,3.215,28.5625
2020-06-01,THA,Thailand,502850552775.95056,112.88325472625992,31.578431641703407,273841035481.57825,258978045185.5081,14862990296.07016,3.195625,38.307272727272725
2020-07-01,THA,Thailand,503328283635.0915,112.9984069139455,31.635383327427448,277067245574.2185,264424559950.4225,12642685623.79602,3.17625,40.710454545454546
2020-08-01,THA,Thailand,503806014494.2324,113.11355910163108,31.692335013151492,280293455666.85876,269871074715.3369,10422380951.52185,3.156875,42.33904761904762
2020-09-01,THA,Thailand,504283745353.37335,113.22871128931666,31.749286698875533,283519665759.499,275317589480.25134,8202076279.247681,3.1375,39.63428571428571
2020-10-01,THA,Thailand,504761476212.5143,113.34386347700226,31.806238384599574,286745875852.1393,280764104245.1658,5981771606.973511,3.118125,39.39590909090909
2020-11-01,THA,Thailand,505239207071.65515,113.45901566468784,31.86319007032362,289972085944.7795,286210619010.0802,3761466934.69928,3.09875,40.93736842105263
2020-12-01,THA,Thailand,505716937930.7961,113.57416785237342,31.92014175604766,293198296037.41974,291657133774.99457,1541162262.425171,3.079375,47.025
2021-01-01,THA,Thailand,506194668789.937,113.689320040059,31.9770934417717,296424506130.06,297103648539.909,-679142409.848999,3.06,52.008421052631576
2021-02-01,THA,Thailand,505315504523.0807,113.53672241617375,32.234114839497195,298723850567.655,300219221356.6506,-1495370788.9955444,3.0665277777777775,59.04631578947369
2021-03-01,THA,Thailand,504436340256.22437,113.3841247922885,32.49113623722268,301023195005.25,303334794173.39215,-2311599168.142151,3.073055555555555,62.333043478260876
2021-04-01,THA,Thailand,503557175989.36804,113.23152716840325,32.74815763494817,303322539442.845,306450366990.1337,-3127827547.2887573,3.0795833333333325,61.71666666666666
2021-05-01,THA,Thailand,502678011722.51166,113.078929544518,33.00517903267367,305621883880.44,309565939806.8753,-3944055926.4353027,3.08611111111111,65.1695
2021-06-01,THA,Thailand,501798847455.65533,112.92633192063275,33.26220043039916,307921228318.03503,312681512623.6169,-4760284305.581848,3.0926388888888874,71.37818181818182
2021-07-01,THA,Thailand,500919683188.799,112.7737342967475,33.51922182812465,310220572755.63,315797085440.3585,-5576512684.728516,3.0991666666666653,72.4852380952381
2021-08-01,THA,Thailand,500040518921.9427,112.62113667286225,33.77624322585014,312519917193.225,318912658257.1001,-6392741063.875122,3.1056944444444428,67.73045454545455
2021-09-01,THA,Thailand,499161354655.08636,112.468539048977,34.03326462357563,314819261630.82,322028231073.8417,-7208969443.0216675,3.1122222222222202,71.64619047619047
2021-10-01,THA,Thailand,498282190388.23,112.31594142509175,34.29028602130113,317118606068.41504,325143803890.58325,-8025197822.168213,3.1187499999999977,81.47666666666666
2021-11-01,THA,Thailand,497403026121.37366,112.1633438012065,34.547307419026616,319417950506.01,328259376707.3248,-8841426201.31482,3.125277777777775,79.14750000000001
2021-12-01,THA,Thailand,496523861854.51733,112.01074617732125,34.804328816752104,321717294943.605,331374949524.0664,-9657654580.461426,3.1318055555555526,71.71181818181819
2022-01-01,THA,Thailand,495644697587.661,111.858148553436,35.0613502144776,324016639381.2,334490522340.808,-10473882959.607971,3.13833333333333,83.22200000000001
2022-02-01,THA,Thailand,497333163117.10034,112.6484311963095,35.03975341167417,325151303825.0338,333864569432.0855,-8713265607.051697,3.23395833333333,91.64105263157894
2022-03-01,THA,Thailand,499021628646.5397,113.438713839183,35.01815660887073,326285968268.8677,333238616523.363,-6952648254.4953,3.3295833333333302,108.50260869565217
2022-04-01,THA,Thailand,500710094175.979,114.2289964820565,34.996559806067296,327420632712.70154,332612663614.6405,-5192030901.938965,3.4252083333333303,101.7775
2022-05-01,THA,Thailand,502398559705.41833,115.01927912493,34.974963003263866,328555297156.53534,331986710705.91797,-3431413549.3826294,3.52083333333333,109.55238095238094
2022-06-01,THA,Thailand,504087025234.85767,115.8095617678035,34.95336620046044,329689961600.36914,331360757797.1955,-1670796196.826355,3.61645833333333,114.83714285714285
2022-07-01,THA,Thailand,505775490764.297,116.59984441067701,34.931769397657,330824626044.203,330734804888.473,89821155.72998047,3.71208333333333,101.619
2022-08-01,THA,Thailand,507463956293.7363,117.3901270535505,34.91017259485356,331959290488.03687,330108851979.7505,1850438508.286377,3.80770833333333,93.66521739130435
2022-09-01,THA,Thailand,509152421823.17566,118.18040969642401,34.88857579205013,333093954931.87067,329482899071.028,3611055860.8426514,3.90333333333333,84.25809523809524
2022-10-01,THA,Thailand,510840887352.615,118.9706923392975,34.866978989246704,334228619375.70447,328856946162.3055,5371673213.398987,3.99895833333333,87.5547619047619
2022-11-01,THA,Thailand,512529352882.0543,119.760974982171,34.84538218644327,335363283819.5383,328230993253.583,7132290565.955322,4.09458333333333,84.37047619047618
2022-12-01,THA,Thailand,514217818411.49365,120.55125762504451,34.82378538363983,336497948263.3722,327605040344.8605,8892907918.511719,4.19020833333333,76.43714285714286
2023-01-01,THA,Thailand,515906283940.933,121.341540267918,34.8021885808364,337632612707.206,326979087436.138,10653525271.067993,4.28583333333333,78.123
2023-02-01,THA,Thailand,516790565182.66223,121.47964771117684,34.84313437250071,340231911841.84015,328995285491.92035,11236626349.9198,4.276111111111108,76.83263157894737
2023-03-01,THA,Thailand,517674846424.3915,121.61775515443567,34.88408016416501,342831210976.4743,331011483547.70264,11819727428.771667,4.266388888888887,73.27782608695652
2023-04-01,THA,Thailand,518559127666.1207,121.7558625976945,34.92502595582933,345430510111.1085,333027681603.485,12402828507.623535,4.256666666666665,79.44631578947369
2023-05-01,THA,Thailand,519443408907.85,121.89397004095333,34.96597174749363,348029809245.7427,335043879659.26733,12985929586.475342,4.246944444444443,71.57818181818182
2023-06-01,THA,Thailand,520327690149.5792,122.03207748421217,35.00691753915794,350629108380.37683,337060077715.0497,13569030665.327148,4.237222222222222,70.24809523809525
2023-07-01,THA,Thailand,521211971391.3085,122.17018492747101,35.04786333082225,353228407515.011,339076275770.83203,14152131744.178955,4.2275,76.0695
2023-08-01,THA,Thailand,522096252633.0378,122.30829237072984,35.08880912248656,355827706649.64514,341092473826.6143,14735232823.030823,4.217777777777778,81.38608695652174
2023-09-01,THA,Thailand,522980533874.767,122.44639981398868,35.129754914150865,358427005784.2793,343108671882.39667,15318333901.88263,4.208055555555557,89.425
2023-10-01,THA,Thailand,523864815116.4963,122.58450725724751,35.17070070581517,361026304918.91345,345124869938.179,15901434980.734436,4.198333333333335,85.63952380952381
2023-11-01,THA,Thailand,524749096358.2255,122.72261470050634,35.21164649747948,363625604053.54767,347141067993.9613,16484536059.586365,4.188611111111113,77.685
2023-12-01,THA,Thailand,525633377599.9548,122.86072214376517,35.25259228914379,366224903188.1818,349157266049.74365,17067637138.438171,4.178888888888892,71.9
2024-01-01,THA,Thailand,526517658841.684,122.998829587024,35.2935380808081,368824202322.816,351173464105.526,17650738217.289978,4.16916666666667,74.15238095238095
2024-02-01,THA,Thailand,526517658841.684,122.998829587024,35.2935380808081,368824202322.816,351173464105.526,17650738217.289978,4.16916666666667,77.249
2024-03-01,THA,Thailand,526517658841.684,122.998829587024,35.2935380808081,368824202322.816,351173464105.526,17650738217.289978,4.16916666666667,81.27799999999999
2024-04-01,THA,Thailand,526517658841.684,122.998829587024,35.2935380808081,368824202322.816,351173464105.526,17650738217.289978,4.16916666666667,85.34727272727274
2024-05-01,THA,Thailand,526517658841.684,122.998829587024,35.2935380808081,368824202322.816,351173464105.526,17650738217.289978,4.16916666666667,80.02454545454545
2024-06-01,THA,Thailand,526517658841.684,122.998829587024,35.2935380808081,368824202322.816,351173464105.526,17650738217.289978,4.16916666666667,79.76736842105262
2024-07-01,THA,Thailand,526517658841.684,122.998829587024,35.2935380808081,368824202322.816,351173464105.526,17650738217.289978,4.16916666666667,81.80045454545454
2024-08-01,THA,Thailand,526517658841.684,122.998829587024,35.2935380808081,368824202322.816,351173464105.526,17650738217.289978,4.16916666666667,76.68318181818182
2024-09-01,THA,Thailand,526517658841.684,122.998829587024,35.2935380808081,368824202322.816,351173464105.526,17650738217.289978,4.16916666666667,70.236
2024-10-01,THA,Thailand,526517658841.684,122.998829587024,35.2935380808081,368824202322.816,351173464105.526,17650738217.289978,4.16916666666667,71.985
2024-11-01,THA,Thailand,526517658841.684,122.998829587024,35.2935380808081,368824202322.816,351173464105.526,17650738217.289978,4.16916666666667,69.95
2024-12-01,THA,Thailand,526517658841.684,122.998829587024,35.2935380808081,368824202322.816,351173464105.526,17650738217.289978,4.16916666666667,70.11809523809524
2025-01-01,THA,Thailand,526517658841.684,122.998829587024,35.2935380808081,368824202322.816,351173464105.526,17650738217.289978,4.16916666666667,75.74249999999999
2025-02-01,THA,Thailand,526517658841.684,122.998829587024,35.2935380808081,368824202322.816,351173464105.526,17650738217.289978,4.16916666666667,71.53315789473685
2025-03-01,THA,Thailand,526517658841.684,122.998829587024,35.2935380808081,368824202322.816,351173464105.526,17650738217.289978,4.16916666666667,68.23904761904762
2025-04-01,THA,Thailand,526517658841.684,122.998829587024,35.2935380808081,368824202322.816,351173464105.526,17650738217.289978,4.16916666666667,63.53666666666667
2025-05-01,THA,Thailand,526517658841.684,122.998829587024,35.2935380808081,368824202322.816,351173464105.526,17650738217.289978,4.16916666666667,62.16761904761905
2025-06-01,THA,Thailand,526517658841.684,122.998829587024,35.2935380808081,368824202322.816,351173464105.526,17650738217.289978,4.16916666666667,68.16900000000001
2025-07-01,THA,Thailand,526517658841.684,122.998829587024,35.2935380808081,368824202322.816,351173464105.526,17650738217.289978,4.16916666666667,68.39090909090909
2025-08-01,THA,Thailand,526517658841.684,122.998829587024,35.2935380808081,368824202322.816,351173464105.526,17650738217.289978,4.16916666666667,64.86428571428571
2025-09-01,THA,Thailand,526517658841.684,122.998829587024,35.2935380808081,368824202322.816,351173464105.526,17650738217.289978,4.16916666666667,63.959047619047624
2025-10-01,THA,Thailand,526517658841.684,122.998829587024,35.2935380808081,368824202322.816,351173464105.526,17650738217.289978,4.16916666666667,60.89454545454546
2025-11-01,THA,Thailand,526517658841.684,122.998829587024,35.2935380808081,368824202322.816,351173464105.526,17650738217.289978,4.16916666666667,60.06222222222222
2025-12-01,THA,Thailand,526517658841.684,122.998829587024,35.2935380808081,368824202322.816,351173464105.526,17650738217.289978,4.16916666666667,57.972272727272724
2026-01-01,THA,Thailand,526517658841.684,122.998829587024,35.2935380808081,368824202322.816,351173464105.526,17650738217.289978,4.16916666666667,60.037
2026-02-01,THA,Thailand,526517658841.684,122.998829587024,35.2935380808081,368824202322.816,351173464105.526,17650738217.289978,4.16916666666667,64.50842105263159
2026-03-01,THA,Thailand,526517658841.684,122.998829587024,35.2935380808081,368824202322.816,351173464105.526,17650738217.289978,4.16916666666667,88.7975
